{
  "Rastrigin": {
    "Adam": {
      "final_loss": 16.416805267333984,
      "std": 0.4974784851074219
    },
    "PSO": {
      "final_loss": 6.9647064208984375,
      "std": 0.9949569702148438
    },
    "GWO": {
      "final_loss": 0.0,
      "std": 0.0
    },
    "WOA": {
      "final_loss": 3.0087203979492188,
      "std": 1.4063034057617188
    },
    "HHO": {
      "final_loss": 24.480865478515625,
      "std": 3.2164459228515625
    },
    "DE": {
      "final_loss": 24.23912811279297,
      "std": 2.7301177978515625
    },
    "GA": {
      "final_loss": 4.691169738769531,
      "std": 0.46814727783203125
    }
  },
  "Ackley": {
    "Adam": {
      "final_loss": 3.1942930221557617,
      "std": 0.3799457550048828
    },
    "PSO": {
      "final_loss": 2.384185791015625e-05,
      "std": 1.1444091796875e-05
    },
    "GWO": {
      "final_loss": 9.5367431640625e-07,
      "std": 0.0
    },
    "WOA": {
      "final_loss": 0.035750389099121094,
      "std": 0.03560829162597656
    },
    "HHO": {
      "final_loss": 1.089625358581543,
      "std": 0.0299835205078125
    },
    "DE": {
      "final_loss": 0.027215957641601562,
      "std": 0.0013780593872070312
    },
    "GA": {
      "final_loss": 0.04723930358886719,
      "std": 0.0034379959106445312
    }
  },
  "Rosenbrock": {
    "Adam": {
      "final_loss": 88.77474784851074,
      "std": 80.41482734680176
    },
    "PSO": {
      "final_loss": 4.272107124328613,
      "std": 1.564004898071289
    },
    "GWO": {
      "final_loss": 8.767738819122314,
      "std": 0.0031075477600097656
    },
    "WOA": {
      "final_loss": 8.945044040679932,
      "std": 0.0012412071228027344
    },
    "HHO": {
      "final_loss": 30.712162017822266,
      "std": 10.909629821777344
    },
    "DE": {
      "final_loss": 2.7546653151512146,
      "std": 1.209701120853424
    },
    "GA": {
      "final_loss": 4.575098276138306,
      "std": 0.2811167240142822
    }
  },
  "Schwefel": {
    "Adam": {
      "final_loss": -15.243349075317383,
      "std": 1.1974658966064453
    },
    "PSO": {
      "final_loss": -163.9660701751709,
      "std": 124.5130558013916
    },
    "GWO": {
      "final_loss": -478.81583189964294,
      "std": 474.08492493629456
    },
    "WOA": {
      "final_loss": -2.032773381703753e+37,
      "std": 1.2829594460844156e+37
    },
    "HHO": {
      "final_loss": -95.86214828491211,
      "std": 56.435062408447266
    },
    "DE": {
      "final_loss": -123613126.625,
      "std": 119824729.375
    },
    "GA": {
      "final_loss": -614.7274684906006,
      "std": 578.7637424468994
    }
  },
  "Griewank": {
    "Adam": {
      "final_loss": 0.004618614912033081,
      "std": 0.003447920083999634
    },
    "PSO": {
      "final_loss": 0.0,
      "std": 0.0
    },
    "GWO": {
      "final_loss": 0.0,
      "std": 0.0
    },
    "WOA": {
      "final_loss": 0.0002269446849822998,
      "std": 0.00021627545356750488
    },
    "HHO": {
      "final_loss": 0.010126769542694092,
      "std": 0.003208756446838379
    },
    "DE": {
      "final_loss": 1.6510486602783203e-05,
      "std": 1.049041748046875e-05
    },
    "GA": {
      "final_loss": 9.971857070922852e-05,
      "std": 3.5762786865234375e-07
    }
  },
  "Sphere": {
    "Adam": {
      "final_loss": 0.03764493702146865,
      "std": 0.037596092241074075
    },
    "PSO": {
      "final_loss": 3.9502311144357094e-11,
      "std": 2.7986696293780255e-11
    },
    "GWO": {
      "final_loss": 0.0,
      "std": 0.0
    },
    "WOA": {
      "final_loss": 6.151113484520465e-05,
      "std": 1.0862546332646161e-05
    },
    "HHO": {
      "final_loss": 0.15951810032129288,
      "std": 0.03103446215391159
    },
    "DE": {
      "final_loss": 9.856560427579097e-05,
      "std": 1.6551599401282147e-05
    },
    "GA": {
      "final_loss": 0.0012610839039552957,
      "std": 0.00045184415648691356
    }
  }
}